id;category;model;time_total;time_read;time_write;input_tokens;output_tokens;tps_read;tps_write;question;model_answer;ground_truth;context_snippet
401;Information Retrieval;gemini-3-flash-preview;71.838;0.000;0.000;2077;13;0.00;0.18;Wie viele Timeouts hat jedes Team im Spiel?;Einem Team sind drei charged team timeouts während jeder Halbzeit erlaubt.;Jedes Team hat 3 Timeouts pro Halbzeit, also theoretisch 6 pro Spiel.;"SECTION 5 TIMEOUTS
ARTICLE 1. CHARGED TEAM TIMEOUT..."
610;Out-of-Domain;gemini-3-flash-preview;20.944;0.000;0.000;3232;7;0.00;0.33;Dürfen Cheerleader das Feld betreten, während der Kicker sich beim Timeout aufwärmt?;Dazu habe ich keine Informationen.;Dazu habe ich keine Informationen.;"SECTION 1 PROCEDURES FOR A FREE KICK
ARTICLE 1. FR..."
705;Reasoning & Synthesis;gemini-3-flash-preview;26.404;0.000;0.000;2048;70;0.00;2.65;Ein Ballträger läuft ins Aus. Was gilt als Startpunkt für den nächsten Spielzug: Wo der Ball war oder wo der Ballträger war?;Der vordere Teil des Balls in seiner Position, wenn er für dead erklärt wird, ist der entscheidende Punkt für die Messung des gewonnenen oder verlorenen Abstands. Der Ball wird so rotiert, dass seine Längsachse parallel zu den Seitenlinien verläuft, während der vorderste Punkt beibehalten wird.;Der Spot ist dort, wo sich der Ball befand, genau in dem Moment, als der Ballträger mit einem Fuß oder einem anderem Körperteil die Seitenlinie berührte.;"SECTION 1 BALL IN PLAY
ARTICLE 1. LIVE BALL. After..."
802;Reasoning & Synthesis;gemini-3-flash-preview;8.905;0.000;0.000;2423;37;0.00;4.16;Was bedeutet es, dass ein Spieler sich re-etablieren muss, nachdem er out of bounds gelaufen ist?;Ein Spieler hat sich inbounds re-etabliert, wenn er sich mit beiden Füßen oder einem anderen Körperteil außer seinen Händen wieder innerhalb des Spielfelds befindet.;Er muss sich 're-establish'en. Das heißt, er muss mit beiden Füßen (oder einem Körperteil) wieder im Spielfeld landen, bevor er legal den Ball berühren darf.;"SECTION 1 FORWARD PASS
ARTICLE 1. DEFINITION. It i..."
803;Reasoning & Synthesis;gemini-3-flash-preview;27.037;0.000;0.000;1975;375;0.00;13.87;Wenn der Ball gefumbelt wird, wer bekommt dann den Ball und wo geht es weiter?;"Jeder Spieler beider Teams kann einen Fumble erobern oder fangen und advancen, außer bei einem Fourth Down, nach der Two-Minute Warning oder während eines Try. In diesen Spezialfällen darf nur der Spieler, der gefumbelt hat, den Ball für sein Team erholen und advancen. Erobert ein Teammate in diesen Fällen den Ball, wird er dead erklärt und der nächste Snap erfolgt am Spot of the Fumble (oder am Spot of the Recovery, falls dieser weiter hinten liegt). Gegnerische Spieler können den Ball in diesen Situationen immer erobern und advancen.

Wenn der Ball out of bounds geht, gelten folgende Regeln für den Ort der Fortsetzung:

*   **Im Field of Play:**
    *   Bei einem Fumble nach hinten: Das Team, das zuletzt in Ballbesitz war, erhält den Ball am Inbounds Spot.
    *   Bei einem Fumble nach vorne: Das Team, das zuletzt in Ballbesitz war, erhält den Ball am Spot of the Fumble.
    *   Wenn bei einem Fourth Down die Line to Gain nicht erreicht wird: Team B erhält den Ball am Spot, an dem der Ball dead erklärt wurde.
*   **In der Endzone:**
    *   Fumble vorwärts in die gegnerische Endzone und out of bounds: Touchback für das defensive Team.
    *   Fumble in der eigenen Endzone oder aus dem Field of Play in die eigene Endzone und dort out of bounds: Safety, wenn das eigene Team den Impetus gab; Touchback, wenn der Gegner den Impetus gab.
    *   Fumble aus der eigenen Endzone vorwärts in das Field of Play und dort out of bounds: Safety (bei eigenem Impetus) oder Touchback (bei gegnerischem Impetus)."; Wenn der Ball gefumbelt wird, kann jeder Spieler beider Teams den Ball aufnehmen und vorwärts bewegen, außer wenn der Fumble im vierten Down, nach der Zwei-Minuten-Warnung oder während eines Trys passiert. Wenn der Fumble ins Aus geht, wird der Ball an dem Punkt wieder ins Spiel gebracht, an dem der Fumble ins Aus ging, abhängig davon, ob der Fumble vorwärts oder rückwärts ging. Wenn der Ball rückwärts ins Aus geht, bekommt das Team, das zuletzt den Ball hatte, den Ball an dem Punkt, an dem der Ball ins Aus ging. Wenn der Fumble vorwärts ins Aus geht, bekommt das Team, das zuletzt den Ball hatte, den Ball an dem Punkt des Fumbles. Wenn der Fumble in der eigenen Endzone nach vorne in Field of Play und dann ins Aus geht, führt das zu einem Safety, wenn das Team den Impuls gegeben hat, der den Ball in die Endzone gebracht hat. Wenn der Impuls vom Gegner kam, führt das zu einem Touchback. Wenn nichts davon zutrifft und es keinen Ballbesitzwechsel gab und der Ball nicht das first down erreicht hat, wird der Ball dem verteidigenden Team an dem Punkt gegeben, an dem der Ball für tot erklärt wurde.;"SECTION 7 BACKWARD PASS AND FUMBLE
ARTICLE 1. BACK..."
1301;Out-of-Domain;gemini-3-flash-preview;0.000;0.000;0.000;0;0;0.00;0.00;Darf das Team-Maskottchen in der Halbzeitpause Tackles gegen Zuschauer üben?;ERROR: unsupported operand type(s) for /: 'NoneType' and 'float';Dazu habe ich keine Informationen.;ERROR
1701;Out-of-Domain;gemini-3-flash-preview;23.801;0.000;0.000;1449;7;0.00;0.29;Wird das Spiel wegen eines Notfalls abgebrochen, wenn das Catering für die VIP-Logen ausfällt?;Dazu habe ich keine Informationen.;Dazu habe ich keine Informationen.;"SECTION 1 EMERGENCIES
ARTICLE 1. NON-PLAYER ON FIE..."
